,color,codigo,RGB,R,G,B
0,Process Yellow,#f7e214,"(247, 226, 20)",247,226,20
1,PMS 100,#f4ed7c,"(244, 237, 124)",244,237,124
2,PMS 101,#f4ed47,"(244, 237, 71)",244,237,71
3,PMS 102,#f9e814,"(249, 232, 20)",249,232,20
4,Pantone Yellow,#ad9b0c,"(173, 155, 12)",173,155,12
5,PMS 103,#c6ad0f,"(198, 173, 15)",198,173,15
6,PMS 104,#ad9b0c,"(173, 155, 12)",173,155,12
7,PMS 105,#82750f,"(130, 117, 15)",130,117,15
8,PMS 106,#f7e859,"(247, 232, 89)",247,232,89
9,PMS 107,#f9e526,"(249, 229, 38)",249,229,38
10,PMS 108,#f7dd16,"(247, 221, 22)",247,221,22
11,PMS 109,#f9d616,"(249, 214, 22)",249,214,22
12,PMS 110,#d8b511,"(216, 181, 17)",216,181,17
13,PMS 111,#aa930a,"(170, 147, 10)",170,147,10
14,PMS 112,#99840a,"(153, 132, 10)",153,132,10
15,PMS 113,#f9e55b,"(249, 229, 91)",249,229,91
16,PMS 114,#f9e24c,"(249, 226, 76)",249,226,76
17,PMS 115,#f9e04c,"(249, 224, 76)",249,224,76
18,PMS 116,#fcd116,"(252, 209, 22)",252,209,22
19,PMS 117,#c6a00c,"(198, 160, 12)",198,160,12
20,PMS 118,#aa8e0a,"(170, 142, 10)",170,142,10
21,PMS 119,#897719,"(137, 119, 25)",137,119,25
22,PMS 120,#f9e27f,"(249, 226, 127)",249,226,127
23,PMS 121,#f9e070,"(249, 224, 112)",249,224,112
24,PMS 122,#fcd856,"(252, 216, 86)",252,216,86
25,PMS 123,#ffc61e,"(255, 198, 30)",255,198,30
26,PMS 124,#e0aa0f,"(224, 170, 15)",224,170,15
27,PMS 125,#b58c0a,"(181, 140, 10)",181,140,10
28,PMS 1205,#f7e8aa,"(247, 232, 170)",247,232,170
29,PMS 1215,#f9e08c,"(249, 224, 140)",249,224,140
30,PMS 1225,#ffcc49,"(255, 204, 73)",255,204,73
31,PMS 1235,#fcb514,"(252, 181, 20)",252,181,20
32,PMS 1245,#bf910c,"(191, 145, 12)",191,145,12
33,PMS 1255,#a37f14,"(163, 127, 20)",163,127,20
34,PMS 1265,#7c6316,"(124, 99, 22)",124,99,22
35,PMS 127,#f4e287,"(244, 226, 135)",244,226,135
36,PMS 128,#f4db60,"(244, 219, 96)",244,219,96
37,PMS 129,#f2d13d,"(242, 209, 61)",242,209,61
38,PMS 130,#eaaf0f,"(234, 175, 15)",234,175,15
39,PMS 131,#c6930a,"(198, 147, 10)",198,147,10
40,PMS 132,#9e7c0a,"(158, 124, 10)",158,124,10
41,PMS 133,#705b0a,"(112, 91, 10)",112,91,10
42,PMS 134,#ffd87f,"(255, 216, 127)",255,216,127
43,PMS 135,#fcc963,"(252, 201, 99)",252,201,99
44,PMS 136,#fcbf49,"(252, 191, 73)",252,191,73
45,PMS 137,#fca311,"(252, 163, 17)",252,163,17
46,PMS 138,#d88c02,"(216, 140, 2)",216,140,2
47,PMS 139,#af7505,"(175, 117, 5)",175,117,5
48,PMS 140,#7a5b11,"(122, 91, 17)",122,91,17
49,PMS 1345,#ffd691,"(255, 214, 145)",255,214,145
50,PMS 1355,#fcce87,"(252, 206, 135)",252,206,135
51,PMS 1365,#fcba5e,"(252, 186, 94)",252,186,94
52,PMS 1375,#f99b0c,"(249, 155, 12)",249,155,12
53,PMS 1385,#cc7a02,"(204, 122, 2)",204,122,2
54,PMS 1395,#996007,"(153, 96, 7)",153,96,7
55,PMS 1405,#6b4714,"(107, 71, 20)",107,71,20
56,PMS 141,#f2ce68,"(242, 206, 104)",242,206,104
57,PMS 142,#f2bf49,"(242, 191, 73)",242,191,73
58,PMS 143,#efb22d,"(239, 178, 45)",239,178,45
59,PMS 144,#e28c05,"(226, 140, 5)",226,140,5
60,PMS 145,#c67f07,"(198, 127, 7)",198,127,7
61,PMS 146,#9e6b05,"(158, 107, 5)",158,107,5
62,PMS 147,#725e26,"(114, 94, 38)",114,94,38
63,PMS 148,#ffd69b,"(255, 214, 155)",255,214,155
64,PMS 149,#fccc93,"(252, 204, 147)",252,204,147
65,PMS 150,#fcad56,"(252, 173, 86)",252,173,86
66,PMS 151,#f77f00,"(247, 127, 0)",247,127,0
67,PMS 152,#dd7500,"(221, 117, 0)",221,117,0
68,PMS 153,#bc6d0a,"(188, 109, 10)",188,109,10
69,PMS 154,#995905,"(153, 89, 5)",153,89,5
70,PMS 1485,#ffb777,"(255, 183, 119)",255,183,119
71,PMS 1495,#ff993f,"(255, 153, 63)",255,153,63
72,PMS 1505,#f47c00,"(244, 124, 0)",244,124,0
73,Orange 021,#ef6b00,"(239, 107, 0)",239,107,0
74,PMS 1525,#b55400,"(181, 84, 0)",181,84,0
75,PMS 1535,#8c4400,"(140, 68, 0)",140,68,0
76,PMS 1545,#4c280f,"(76, 40, 15)",76,40,15
77,PMS 155,#f4dbaa,"(244, 219, 170)",244,219,170
78,PMS 156,#f2c68c,"(242, 198, 140)",242,198,140
79,PMS 157,#eda04f,"(237, 160, 79)",237,160,79
80,PMS 158,#e87511,"(232, 117, 17)",232,117,17
81,PMS 159,#c66005,"(198, 96, 5)",198,96,5
82,PMS 160,#9e540a,"(158, 84, 10)",158,84,10
83,PMS 161,#633a11,"(99, 58, 17)",99,58,17
84,PMS 1555,#f9bf9e,"(249, 191, 158)",249,191,158
85,PMS 1565,#fca577,"(252, 165, 119)",252,165,119
86,PMS 1575,#fc8744,"(252, 135, 68)",252,135,68
87,PMS 1585,#f96b07,"(249, 107, 7)",249,107,7
88,PMS 1595,#d15b05,"(209, 91, 5)",209,91,5
89,PMS 1605,#a04f11,"(160, 79, 17)",160,79,17
90,PMS 1615,#843f0f,"(132, 63, 15)",132,63,15
91,PMS 162,#f9c6aa,"(249, 198, 170)",249,198,170
92,PMS 163,#fc9e70,"(252, 158, 112)",252,158,112
93,PMS 164,#fc7f3f,"(252, 127, 63)",252,127,63
94,PMS 165,#f96302,"(249, 99, 2)",249,99,2
95,PMS 166,#dd5900,"(221, 89, 0)",221,89,0
96,PMS 167,#bc4f07,"(188, 79, 7)",188,79,7
97,PMS 168,#6d3011,"(109, 48, 17)",109,48,17
98,PMS 1625,#f9a58c,"(249, 165, 140)",249,165,140
99,PMS 1635,#f98e6d,"(249, 142, 109)",249,142,109
100,PMS 1645,#f97242,"(249, 114, 66)",249,114,66
101,PMS 1655,#f95602,"(249, 86, 2)",249,86,2
102,PMS 1665,#f95602,"(249, 86, 2)",249,86,2
103,PMS 1675,#a53f0f,"(165, 63, 15)",165,63,15
104,PMS 1685,#843511,"(132, 53, 17)",132,53,17
105,PMS 169,#f9baaa,"(249, 186, 170)",249,186,170
106,PMS 170,#f98972,"(249, 137, 114)",249,137,114
107,PMS 171,#f9603a,"(249, 96, 58)",249,96,58
108,PMS 172,#f74902,"(247, 73, 2)",247,73,2
109,PMS 173,#d14414,"(209, 68, 20)",209,68,20
110,PMS 174,#933311,"(147, 51, 17)",147,51,17
111,PMS 175,#6d3321,"(109, 51, 33)",109,51,33
112,PMS 176,#f9afad,"(249, 175, 173)",249,175,173
113,PMS 177,#f9827f,"(249, 130, 127)",249,130,127
114,PMS 178,#f95e59,"(249, 94, 89)",249,94,89
115,Warm Red,#f93f26,"(249, 63, 38)",249,63,38
116,PMS 179,#e23d28,"(226, 61, 40)",226,61,40
117,PMS 180,#c13828,"(193, 56, 40)",193,56,40
118,PMS 181,#7c2d23,"(124, 45, 35)",124,45,35
119,PMS 1765,#f99ea3,"(249, 158, 163)",249,158,163
120,PMS 1775,#f9848e,"(249, 132, 142)",249,132,142
121,PMS 1785,#fc4f59,"(252, 79, 89)",252,79,89
122,PMS 1788,#ef2b2d,"(239, 43, 45)",239,43,45
123,PMS 1795,#d62828,"(214, 40, 40)",214,40,40
124,PMS 1805,#af2626,"(175, 38, 38)",175,38,38
125,PMS 1815,#7c211e,"(124, 33, 30)",124,33,30
126,PMS 1767,#f9b2b7,"(249, 178, 183)",249,178,183
127,PMS 1777,#fc6675,"(252, 102, 117)",252,102,117
128,PMS 1787,#f43f4f,"(244, 63, 79)",244,63,79
129,Red 032,#ef2b2d,"(239, 43, 45)",239,43,45
130,PMS 1797,#cc2d30,"(204, 45, 48)",204,45,48
131,PMS 1807,#a03033,"(160, 48, 51)",160,48,51
132,PMS 1817,#5b2d28,"(91, 45, 40)",91,45,40
133,PMS 182,#f9bfc1,"(249, 191, 193)",249,191,193
134,PMS 183,#fc8c99,"(252, 140, 153)",252,140,153
135,PMS 184,#fc5e72,"(252, 94, 114)",252,94,114
136,PMS 185,#e8112d,"(232, 17, 45)",232,17,45
137,PMS 186,#ce1126,"(206, 17, 38)",206,17,38
138,PMS 187,#af1e2d,"(175, 30, 45)",175,30,45
139,PMS 188,#7c2128,"(124, 33, 40)",124,33,40
140,PMS 189,#ffa3b2,"(255, 163, 178)",255,163,178
141,PMS 190,#fc758e,"(252, 117, 142)",252,117,142
142,PMS 191,#f4476b,"(244, 71, 107)",244,71,107
143,PMS 192,#e5053a,"(229, 5, 58)",229,5,58
144,PMS 193,#bf0a30,"(191, 10, 48)",191,10,48
145,PMS 194,#992135,"(153, 33, 53)",153,33,53
146,PMS 195,#772d35,"(119, 45, 53)",119,45,53
147,PMS 1895,#fcbfc9,"(252, 191, 201)",252,191,201
148,PMS 1905,#fc9bb2,"(252, 155, 178)",252,155,178
149,PMS 1915,#f4547c,"(244, 84, 124)",244,84,124
150,PMS 1925,#e00747,"(224, 7, 71)",224,7,71
151,PMS 1935,#c10538,"(193, 5, 56)",193,5,56
152,PMS 1945,#a80c35,"(168, 12, 53)",168,12,53
153,PMS 1955,#931638,"(147, 22, 56)",147,22,56
154,PMS 196,#f4c9c9,"(244, 201, 201)",244,201,201
155,PMS 197,#ef99a3,"(239, 153, 163)",239,153,163
156,PMS 198,#e5566d,"(229, 86, 109)",229,86,109
157,PMS 199,#d81c3f,"(216, 28, 63)",216,28,63
158,PMS 200,#c41e3a,"(196, 30, 58)",196,30,58
159,PMS 201,#a32638,"(163, 38, 56)",163,38,56
160,PMS 202,#8c2633,"(140, 38, 51)",140,38,51
161,PMS 203,#f2afc1,"(242, 175, 193)",242,175,193
162,PMS 204,#ed7a9e,"(237, 122, 158)",237,122,158
163,PMS 205,#e54c7c,"(229, 76, 124)",229,76,124
164,PMS 206,#d30547,"(211, 5, 71)",211,5,71
165,PMS 207,#af003d,"(175, 0, 61)",175,0,61
166,PMS 208,#8e2344,"(142, 35, 68)",142,35,68
167,PMS 209,#75263d,"(117, 38, 61)",117,38,61
168,PMS 210,#ffa0bf,"(255, 160, 191)",255,160,191
169,PMS 211,#ff77a8,"(255, 119, 168)",255,119,168
170,PMS 212,#f94f8e,"(249, 79, 142)",249,79,142
171,PMS 213,#ea0f6b,"(234, 15, 107)",234,15,107
172,PMS 214,#cc0256,"(204, 2, 86)",204,2,86
173,PMS 215,#a50544,"(165, 5, 68)",165,5,68
174,PMS 216,#7c1e3f,"(124, 30, 63)",124,30,63
175,PMS 217,#f4bfd1,"(244, 191, 209)",244,191,209
176,PMS 218,#ed72aa,"(237, 114, 170)",237,114,170
177,PMS 219,#e22882,"(226, 40, 130)",226,40,130
178,Rubine Red,#d10056,"(209, 0, 86)",209,0,86
179,PMS 220,#aa004f,"(170, 0, 79)",170,0,79
180,PMS 221,#930042,"(147, 0, 66)",147,0,66
181,PMS 222,#70193d,"(112, 25, 61)",112,25,61
182,PMS 223,#f993c4,"(249, 147, 196)",249,147,196
183,PMS 224,#f46baf,"(244, 107, 175)",244,107,175
184,PMS 225,#ed2893,"(237, 40, 147)",237,40,147
185,PMS 226,#d60270,"(214, 2, 112)",214,2,112
186,PMS 227,#ad005b,"(173, 0, 91)",173,0,91
187,PMS 228,#8c004c,"(140, 0, 76)",140,0,76
188,PMS 229,#6d213f,"(109, 33, 63)",109,33,63
189,PMS 230,#ffa0cc,"(255, 160, 204)",255,160,204
190,PMS 231,#fc70ba,"(252, 112, 186)",252,112,186
191,PMS 232,#f43fa5,"(244, 63, 165)",244,63,165
192,Rhodamine Red,#ed0091,"(237, 0, 145)",237,0,145
193,PMS 233,#ce007c,"(206, 0, 124)",206,0,124
194,PMS 234,#aa0066,"(170, 0, 102)",170,0,102
195,PMS 235,#8e0554,"(142, 5, 84)",142,5,84
196,PMS 236,#f9afd3,"(249, 175, 211)",249,175,211
197,PMS 237,#f484c4,"(244, 132, 196)",244,132,196
198,PMS 238,#ed4faf,"(237, 79, 175)",237,79,175
199,PMS 239,#e0219e,"(224, 33, 158)",224,33,158
200,PMS 240,#c40f89,"(196, 15, 137)",196,15,137
201,PMS 241,#ad0075,"(173, 0, 117)",173,0,117
202,PMS 242,#7c1c51,"(124, 28, 81)",124,28,81
203,PMS 2365,#f7c4d8,"(247, 196, 216)",247,196,216
204,PMS 2375,#ea6bbf,"(234, 107, 191)",234,107,191
205,PMS 2385,#db28a5,"(219, 40, 165)",219,40,165
206,PMS 2395,#c4008c,"(196, 0, 140)",196,0,140
207,PMS 2405,#a8007a,"(168, 0, 122)",168,0,122
208,PMS 2415,#9b0070,"(155, 0, 112)",155,0,112
209,PMS 2425,#87005b,"(135, 0, 91)",135,0,91
210,PMS 243,#f2bad8,"(242, 186, 216)",242,186,216
211,PMS 244,#eda0d3,"(237, 160, 211)",237,160,211
212,PMS 245,#e87fc9,"(232, 127, 201)",232,127,201
213,PMS 246,#cc00a0,"(204, 0, 160)",204,0,160
214,PMS 247,#b7008e,"(183, 0, 142)",183,0,142
215,PMS 248,#a3057f,"(163, 5, 127)",163,5,127
216,PMS 249,#7f2860,"(127, 40, 96)",127,40,96
217,PMS 250,#edc4dd,"(237, 196, 221)",237,196,221
218,PMS 251,#e29ed6,"(226, 158, 214)",226,158,214
219,PMS 252,#d36bc6,"(211, 107, 198)",211,107,198
220,Purple,#bf30b5,"(191, 48, 181)",191,48,181
221,PMS 253,#af23a5,"(175, 35, 165)",175,35,165
222,PMS 254,#a02d96,"(160, 45, 150)",160,45,150
223,PMS 255,#772d6b,"(119, 45, 107)",119,45,107
224,PMS 256,#e5c4d6,"(229, 196, 214)",229,196,214
225,PMS 257,#d3a5c9,"(211, 165, 201)",211,165,201
226,PMS 258,#9b4f96,"(155, 79, 150)",155,79,150
227,PMS 259,#72166b,"(114, 22, 107)",114,22,107
228,PMS 260,#681e5b,"(104, 30, 91)",104,30,91
229,PMS 261,#5e2154,"(94, 33, 84)",94,33,84
230,PMS 262,#542344,"(84, 35, 68)",84,35,68
231,PMS 2562,#d8a8d8,"(216, 168, 216)",216,168,216
232,PMS 2572,#c687d1,"(198, 135, 209)",198,135,209
233,PMS 2582,#aa47ba,"(170, 71, 186)",170,71,186
234,PMS 2592,#930fa5,"(147, 15, 165)",147,15,165
235,PMS 2602,#820c8e,"(130, 12, 142)",130,12,142
236,PMS 2612,#701e72,"(112, 30, 114)",112,30,114
237,PMS 2622,#602d59,"(96, 45, 89)",96,45,89
238,PMS 2563,#d1a0cc,"(209, 160, 204)",209,160,204
239,PMS 2573,#ba7cbc,"(186, 124, 188)",186,124,188
240,PMS 2583,#9e4fa5,"(158, 79, 165)",158,79,165
241,PMS 2593,#872b93,"(135, 43, 147)",135,43,147
242,PMS 2603,#70147a,"(112, 20, 122)",112,20,122
243,PMS 2613,#66116d,"(102, 17, 109)",102,17,109
244,PMS 2623,#5b195e,"(91, 25, 94)",91,25,94
245,PMS 2567,#bf93cc,"(191, 147, 204)",191,147,204
246,PMS 2577,#aa72bf,"(170, 114, 191)",170,114,191
247,PMS 2587,#8e47ad,"(142, 71, 173)",142,71,173
248,PMS 2597,#66008c,"(102, 0, 140)",102,0,140
249,PMS 2607,#5b027a,"(91, 2, 122)",91,2,122
250,PMS 2617,#560c70,"(86, 12, 112)",86,12,112
251,PMS 2627,#4c145e,"(76, 20, 94)",76,20,94
252,PMS 263,#e0cee0,"(224, 206, 224)",224,206,224
253,PMS 264,#c6aadb,"(198, 170, 219)",198,170,219
254,PMS 265,#9663c4,"(150, 99, 196)",150,99,196
255,PMS 266,#6d28aa,"(109, 40, 170)",109,40,170
256,PMS 267,#59118e,"(89, 17, 142)",89,17,142
257,PMS 268,#4f2170,"(79, 33, 112)",79,33,112
258,PMS 269,#442359,"(68, 35, 89)",68,35,89
259,PMS 2635,#c9add8,"(201, 173, 216)",201,173,216
260,PMS 2645,#b591d1,"(181, 145, 209)",181,145,209
261,PMS 2655,#9b6dc6,"(155, 109, 198)",155,109,198
262,PMS 2665,#894fbf,"(137, 79, 191)",137,79,191
263,Violet,#6607a5,"(102, 7, 165)",102,7,165
264,PMS 2685,#56008c,"(86, 0, 140)",86,0,140
265,PMS 2695,#44235e,"(68, 35, 94)",68,35,94
266,PMS 270,#baafd3,"(186, 175, 211)",186,175,211
267,PMS 271,#9e91c6,"(158, 145, 198)",158,145,198
268,PMS 272,#8977ba,"(137, 119, 186)",137,119,186
269,PMS 273,#38197a,"(56, 25, 122)",56,25,122
270,PMS 274,#2b1166,"(43, 17, 102)",43,17,102
271,PMS 275,#260f54,"(38, 15, 84)",38,15,84
272,PMS 276,#2b2147,"(43, 33, 71)",43,33,71
273,PMS 2705,#ad9ed3,"(173, 158, 211)",173,158,211
274,PMS 2715,#937acc,"(147, 122, 204)",147,122,204
275,PMS 2725,#7251bc,"(114, 81, 188)",114,81,188
276,PMS 2735,#4f0093,"(79, 0, 147)",79,0,147
277,PMS 2745,#3f0077,"(63, 0, 119)",63,0,119
278,PMS 2755,#35006d,"(53, 0, 109)",53,0,109
279,PMS 2765,#2b0c56,"(43, 12, 86)",43,12,86
280,PMS 2706,#d1cedd,"(209, 206, 221)",209,206,221
281,PMS 2716,#a5a0d6,"(165, 160, 214)",165,160,214
282,PMS 2726,#6656bc,"(102, 86, 188)",102,86,188
283,PMS 2736,#4930ad,"(73, 48, 173)",73,48,173
284,PMS 2746,#3f2893,"(63, 40, 147)",63,40,147
285,PMS 2756,#332875,"(51, 40, 117)",51,40,117
286,PMS 2766,#2b265b,"(43, 38, 91)",43,38,91
287,PMS 2707,#bfd1e5,"(191, 209, 229)",191,209,229
288,PMS 2717,#a5bae0,"(165, 186, 224)",165,186,224
289,PMS 2727,#5e68c4,"(94, 104, 196)",94,104,196
290,Blue 072,#380096,"(56, 0, 150)",56,0,150
291,PMS 2747,#1c146b,"(28, 20, 107)",28,20,107
292,PMS 2757,#141654,"(20, 22, 84)",20,22,84
293,PMS 2767,#14213d,"(20, 33, 61)",20,33,61
294,PMS 2708,#afbcdb,"(175, 188, 219)",175,188,219
295,PMS 2718,#5b77cc,"(91, 119, 204)",91,119,204
296,PMS 2728,#3044b5,"(48, 68, 181)",48,68,181
297,PMS 2738,#2d008e,"(45, 0, 142)",45,0,142
298,PMS 2748,#1e1c77,"(30, 28, 119)",30,28,119
299,PMS 2758,#192168,"(25, 33, 104)",25,33,104
300,PMS 2768,#112151,"(17, 33, 81)",17,33,81
301,PMS 277,#b5d1e8,"(181, 209, 232)",181,209,232
302,PMS 278,#99badd,"(153, 186, 221)",153,186,221
303,PMS 279,#6689cc,"(102, 137, 204)",102,137,204
304,Reflex Blue,#0c1c8c,"(12, 28, 140)",12,28,140
305,PMS 280,#002b7f,"(0, 43, 127)",0,43,127
306,PMS 281,#002868,"(0, 40, 104)",0,40,104
307,PMS 282,#002654,"(0, 38, 84)",0,38,84
308,PMS 283,#9bc4e2,"(155, 196, 226)",155,196,226
309,PMS 284,#75aadb,"(117, 170, 219)",117,170,219
310,PMS 285,#3a75c4,"(58, 117, 196)",58,117,196
311,PMS 286,#0038a8,"(0, 56, 168)",0,56,168
312,PMS 287,#003893,"(0, 56, 147)",0,56,147
313,PMS 288,#00337f,"(0, 51, 127)",0,51,127
314,PMS 289,#002649,"(0, 38, 73)",0,38,73
315,PMS 290,#c4d8e2,"(196, 216, 226)",196,216,226
316,PMS 291,#a8cee2,"(168, 206, 226)",168,206,226
317,PMS 292,#75b2dd,"(117, 178, 221)",117,178,221
318,PMS 293,#0051ba,"(0, 81, 186)",0,81,186
319,PMS 294,#003f87,"(0, 63, 135)",0,63,135
320,PMS 295,#00386b,"(0, 56, 107)",0,56,107
321,PMS 296,#002d47,"(0, 45, 71)",0,45,71
322,PMS 2905,#93c6e0,"(147, 198, 224)",147,198,224
323,PMS 2915,#60afdd,"(96, 175, 221)",96,175,221
324,PMS 2925,#008ed6,"(0, 142, 214)",0,142,214
325,PMS 2935,#005bbf,"(0, 91, 191)",0,91,191
326,PMS 2945,#0054a0,"(0, 84, 160)",0,84,160
327,PMS 2955,#003d6b,"(0, 61, 107)",0,61,107
328,PMS 2965,#00334c,"(0, 51, 76)",0,51,76
329,PMS 297,#82c6e2,"(130, 198, 226)",130,198,226
330,PMS 298,#51b5e0,"(81, 181, 224)",81,181,224
331,PMS 299,#00a3dd,"(0, 163, 221)",0,163,221
332,PMS 300,#0072c6,"(0, 114, 198)",0,114,198
333,PMS 301,#005b99,"(0, 91, 153)",0,91,153
334,PMS 302,#004f6d,"(0, 79, 109)",0,79,109
335,PMS 303,#003f54,"(0, 63, 84)",0,63,84
336,PMS 2975,#bae0e2,"(186, 224, 226)",186,224,226
337,PMS 2985,#51bfe2,"(81, 191, 226)",81,191,226
338,PMS 2995,#00a5db,"(0, 165, 219)",0,165,219
339,PMS 3005,#0084c9,"(0, 132, 201)",0,132,201
340,PMS 3015,#00709e,"(0, 112, 158)",0,112,158
341,PMS 3025,#00546b,"(0, 84, 107)",0,84,107
342,PMS 3035,#004454,"(0, 68, 84)",0,68,84
343,PMS 304,#a5dde2,"(165, 221, 226)",165,221,226
344,PMS 305,#70cee2,"(112, 206, 226)",112,206,226
345,PMS 306,#00bce2,"(0, 188, 226)",0,188,226
346,Process Blue,#0091c9,"(0, 145, 201)",0,145,201
347,PMS 307,#007aa5,"(0, 122, 165)",0,122,165
348,PMS 308,#00607c,"(0, 96, 124)",0,96,124
349,PMS 309,#003f49,"(0, 63, 73)",0,63,73
350,PMS 310,#72d1dd,"(114, 209, 221)",114,209,221
351,PMS 311,#28c4d8,"(40, 196, 216)",40,196,216
352,PMS 312,#00adc6,"(0, 173, 198)",0,173,198
353,PMS 313,#0099b5,"(0, 153, 181)",0,153,181
354,PMS 314,#00829b,"(0, 130, 155)",0,130,155
355,PMS 315,#006b77,"(0, 107, 119)",0,107,119
356,PMS 316,#00494f,"(0, 73, 79)",0,73,79
357,PMS 3105,#7fd6db,"(127, 214, 219)",127,214,219
358,PMS 3115,#2dc6d6,"(45, 198, 214)",45,198,214
359,PMS 3125,#00b7c6,"(0, 183, 198)",0,183,198
360,PMS 3135,#009baa,"(0, 155, 170)",0,155,170
361,PMS 3145,#00848e,"(0, 132, 142)",0,132,142
362,PMS 3155,#006d75,"(0, 109, 117)",0,109,117
363,PMS 3165,#00565b,"(0, 86, 91)",0,86,91
364,PMS 317,#c9e8dd,"(201, 232, 221)",201,232,221
365,PMS 318,#93dddb,"(147, 221, 219)",147,221,219
366,PMS 319,#4cced1,"(76, 206, 209)",76,206,209
367,PMS 320,#009ea0,"(0, 158, 160)",0,158,160
368,PMS 321,#008789,"(0, 135, 137)",0,135,137
369,PMS 322,#007272,"(0, 114, 114)",0,114,114
370,PMS 323,#006663,"(0, 102, 99)",0,102,99
371,PMS 324,#aaddd6,"(170, 221, 214)",170,221,214
372,PMS 325,#56c9c1,"(86, 201, 193)",86,201,193
373,PMS 326,#00b2aa,"(0, 178, 170)",0,178,170
374,PMS 327,#008c82,"(0, 140, 130)",0,140,130
375,PMS 328,#007770,"(0, 119, 112)",0,119,112
376,PMS 329,#006d66,"(0, 109, 102)",0,109,102
377,PMS 330,#005951,"(0, 89, 81)",0,89,81
378,PMS 3242,#87ddd1,"(135, 221, 209)",135,221,209
379,PMS 3252,#56d6c9,"(86, 214, 201)",86,214,201
380,PMS 3262,#00c1b5,"(0, 193, 181)",0,193,181
381,PMS 3272,#00aa9e,"(0, 170, 158)",0,170,158
382,PMS 3282,#008c82,"(0, 140, 130)",0,140,130
383,PMS 3292,#006056,"(0, 96, 86)",0,96,86
384,PMS 3302,#00493f,"(0, 73, 63)",0,73,63
385,PMS 3245,#8ce0d1,"(140, 224, 209)",140,224,209
386,PMS 3255,#47d6c1,"(71, 214, 193)",71,214,193
387,PMS 3265,#00c6b2,"(0, 198, 178)",0,198,178
388,PMS 3275,#00b2a0,"(0, 178, 160)",0,178,160
389,PMS 3285,#009987,"(0, 153, 135)",0,153,135
390,PMS 3295,#008272,"(0, 130, 114)",0,130,114
391,PMS 3305,#004f42,"(0, 79, 66)",0,79,66
392,PMS 3248,#7ad3c1,"(122, 211, 193)",122,211,193
393,PMS 3258,#35c4af,"(53, 196, 175)",53,196,175
394,PMS 3268,#00af99,"(0, 175, 153)",0,175,153
395,PMS 3278,#009b84,"(0, 155, 132)",0,155,132
396,PMS 3288,#008270,"(0, 130, 112)",0,130,112
397,PMS 3298,#006b5b,"(0, 107, 91)",0,107,91
398,PMS 3308,#004438,"(0, 68, 56)",0,68,56
399,PMS 331,#baead6,"(186, 234, 214)",186,234,214
400,PMS 332,#a0e5ce,"(160, 229, 206)",160,229,206
401,PMS 333,#5eddc1,"(94, 221, 193)",94,221,193
402,Green,#00af93,"(0, 175, 147)",0,175,147
403,PMS 334,#00997c,"(0, 153, 124)",0,153,124
404,PMS 335,#007c66,"(0, 124, 102)",0,124,102
405,PMS 336,#006854,"(0, 104, 84)",0,104,84
406,PMS 337,#9bdbc1,"(155, 219, 193)",155,219,193
407,PMS 338,#7ad1b5,"(122, 209, 181)",122,209,181
408,PMS 339,#00b28c,"(0, 178, 140)",0,178,140
409,PMS 340,#009977,"(0, 153, 119)",0,153,119
410,PMS 341,#007a5e,"(0, 122, 94)",0,122,94
411,PMS 342,#006b54,"(0, 107, 84)",0,107,84
412,PMS 343,#00563f,"(0, 86, 63)",0,86,63
413,PMS 3375,#8ee2bc,"(142, 226, 188)",142,226,188
414,PMS 3385,#54d8a8,"(84, 216, 168)",84,216,168
415,PMS 3395,#00c993,"(0, 201, 147)",0,201,147
416,PMS 3405,#00b27a,"(0, 178, 122)",0,178,122
417,PMS 3415,#007c59,"(0, 124, 89)",0,124,89
418,PMS 3425,#006847,"(0, 104, 71)",0,104,71
419,PMS 3435,#024930,"(2, 73, 48)",2,73,48
420,PMS 344,#b5e2bf,"(181, 226, 191)",181,226,191
421,PMS 345,#96d8af,"(150, 216, 175)",150,216,175
422,PMS 346,#70ce9b,"(112, 206, 155)",112,206,155
423,PMS 347,#009e60,"(0, 158, 96)",0,158,96
424,PMS 348,#008751,"(0, 135, 81)",0,135,81
425,PMS 349,#006b3f,"(0, 107, 63)",0,107,63
426,PMS 350,#234f33,"(35, 79, 51)",35,79,51
427,PMS 351,#b5e8bf,"(181, 232, 191)",181,232,191
428,PMS 352,#99e5b2,"(153, 229, 178)",153,229,178
429,PMS 353,#84e2a8,"(132, 226, 168)",132,226,168
430,PMS 354,#00b760,"(0, 183, 96)",0,183,96
431,PMS 355,#009e49,"(0, 158, 73)",0,158,73
432,PMS 356,#007a3d,"(0, 122, 61)",0,122,61
433,PMS 357,#215b33,"(33, 91, 51)",33,91,51
434,PMS 358,#aadd96,"(170, 221, 150)",170,221,150
435,PMS 359,#a0db8e,"(160, 219, 142)",160,219,142
436,PMS 360,#60c659,"(96, 198, 89)",96,198,89
437,PMS 361,#1eb53a,"(30, 181, 58)",30,181,58
438,PMS 362,#339e35,"(51, 158, 53)",51,158,53
439,PMS 363,#3d8e33,"(61, 142, 51)",61,142,51
440,PMS 364,#3a7728,"(58, 119, 40)",58,119,40
441,PMS 365,#d3e8a3,"(211, 232, 163)",211,232,163
442,PMS 366,#c4e58e,"(196, 229, 142)",196,229,142
443,PMS 367,#aadd6d,"(170, 221, 109)",170,221,109
444,PMS 368,#5bbf21,"(91, 191, 33)",91,191,33
445,PMS 369,#56aa1c,"(86, 170, 28)",86,170,28
446,PMS 370,#568e14,"(86, 142, 20)",86,142,20
447,PMS 371,#566b21,"(86, 107, 33)",86,107,33
448,PMS 372,#d8ed96,"(216, 237, 150)",216,237,150
449,PMS 373,#ceea82,"(206, 234, 130)",206,234,130
450,PMS 374,#bae860,"(186, 232, 96)",186,232,96
451,PMS 375,#8cd600,"(140, 214, 0)",140,214,0
452,PMS 376,#7fba00,"(127, 186, 0)",127,186,0
453,PMS 377,#709302,"(112, 147, 2)",112,147,2
454,PMS 378,#566314,"(86, 99, 20)",86,99,20
455,PMS 379,#e0ea68,"(224, 234, 104)",224,234,104
456,PMS 380,#d6e542,"(214, 229, 66)",214,229,66
457,PMS 381,#cce226,"(204, 226, 38)",204,226,38
458,PMS 382,#bad80a,"(186, 216, 10)",186,216,10
459,PMS 383,#a3af07,"(163, 175, 7)",163,175,7
460,PMS 384,#939905,"(147, 153, 5)",147,153,5
461,PMS 385,#707014,"(112, 112, 20)",112,112,20
462,PMS 386,#e8ed60,"(232, 237, 96)",232,237,96
463,PMS 387,#e0ed44,"(224, 237, 68)",224,237,68
464,PMS 388,#d6e80f,"(214, 232, 15)",214,232,15
465,PMS 389,#cee007,"(206, 224, 7)",206,224,7
466,PMS 390,#bac405,"(186, 196, 5)",186,196,5
467,PMS 391,#9e9e07,"(158, 158, 7)",158,158,7
468,PMS 392,#848205,"(132, 130, 5)",132,130,5
469,PMS 393,#f2ef87,"(242, 239, 135)",242,239,135
470,PMS 394,#eaed35,"(234, 237, 53)",234,237,53
471,PMS 395,#e5e811,"(229, 232, 17)",229,232,17
472,PMS 396,#e0e20c,"(224, 226, 12)",224,226,12
473,PMS 397,#c1bf0a,"(193, 191, 10)",193,191,10
474,PMS 398,#afa80a,"(175, 168, 10)",175,168,10
475,PMS 399,#998e07,"(153, 142, 7)",153,142,7
476,PMS 3935,#f2ed6d,"(242, 237, 109)",242,237,109
477,PMS 3945,#efea07,"(239, 234, 7)",239,234,7
478,PMS 3955,#ede211,"(237, 226, 17)",237,226,17
479,PMS 3965,#e8dd11,"(232, 221, 17)",232,221,17
480,PMS 3975,#b5a80c,"(181, 168, 12)",181,168,12
481,PMS 3985,#998c0a,"(153, 140, 10)",153,140,10
482,PMS 3995,#6d6002,"(109, 96, 2)",109,96,2
483,PMS 400,#d1c6b5,"(209, 198, 181)",209,198,181
484,PMS 401,#c1b5a5,"(193, 181, 165)",193,181,165
485,PMS 402,#afa593,"(175, 165, 147)",175,165,147
486,PMS 403,#998c7c,"(153, 140, 124)",153,140,124
487,PMS 404,#827566,"(130, 117, 102)",130,117,102
488,PMS 405,#6b5e4f,"(107, 94, 79)",107,94,79
489,Black,#3d332b,"(61, 51, 43)",61,51,43
490,PMS 406,#cec1b5,"(206, 193, 181)",206,193,181
491,PMS 407,#baaa9e,"(186, 170, 158)",186,170,158
492,PMS 408,#a8998c,"(168, 153, 140)",168,153,140
493,PMS 409,#99897c,"(153, 137, 124)",153,137,124
494,PMS 410,#7c6d63,"(124, 109, 99)",124,109,99
495,PMS 411,#66594c,"(102, 89, 76)",102,89,76
496,PMS 412,#3d3028,"(61, 48, 40)",61,48,40
497,PMS 413,#c6c1b2,"(198, 193, 178)",198,193,178
498,PMS 414,#b5afa0,"(181, 175, 160)",181,175,160
499,PMS 415,#a39e8c,"(163, 158, 140)",163,158,140
500,PMS 416,#8e8c7a,"(142, 140, 122)",142,140,122
501,PMS 417,#777263,"(119, 114, 99)",119,114,99
502,PMS 418,#605e4f,"(96, 94, 79)",96,94,79
503,PMS 419,#282821,"(40, 40, 33)",40,40,33
504,PMS 420,#d1ccbf,"(209, 204, 191)",209,204,191
505,PMS 421,#bfbaaf,"(191, 186, 175)",191,186,175
506,PMS 422,#afaaa3,"(175, 170, 163)",175,170,163
507,PMS 423,#96938e,"(150, 147, 142)",150,147,142
508,PMS 424,#827f77,"(130, 127, 119)",130,127,119
509,PMS 425,#60605b,"(96, 96, 91)",96,96,91
510,PMS 426,#2b2b28,"(43, 43, 40)",43,43,40
511,PMS 427,#dddbd1,"(221, 219, 209)",221,219,209
512,PMS 428,#d1cec6,"(209, 206, 198)",209,206,198
513,PMS 429,#adafaa,"(173, 175, 170)",173,175,170
514,PMS 430,#919693,"(145, 150, 147)",145,150,147
515,PMS 431,#666d70,"(102, 109, 112)",102,109,112
516,PMS 432,#444f51,"(68, 79, 81)",68,79,81
517,PMS 433,#30383a,"(48, 56, 58)",48,56,58
518,PMS 434,#e0d1c6,"(224, 209, 198)",224,209,198
519,PMS 435,#d3bfb7,"(211, 191, 183)",211,191,183
520,PMS 436,#bca59e,"(188, 165, 158)",188,165,158
521,PMS 437,#8c706b,"(140, 112, 107)",140,112,107
522,PMS 438,#593f3d,"(89, 63, 61)",89,63,61
523,PMS 439,#493533,"(73, 53, 51)",73,53,51
524,PMS 440,#3f302b,"(63, 48, 43)",63,48,43
525,PMS 441,#d1d1c6,"(209, 209, 198)",209,209,198
526,PMS 442,#babfb7,"(186, 191, 183)",186,191,183
527,PMS 443,#a3a8a3,"(163, 168, 163)",163,168,163
528,PMS 444,#898e8c,"(137, 142, 140)",137,142,140
529,PMS 445,#565959,"(86, 89, 89)",86,89,89
530,PMS 446,#494c49,"(73, 76, 73)",73,76,73
531,PMS 447,#3f3f38,"(63, 63, 56)",63,63,56
532,Warm Gray,#e5dbcc,"(229, 219, 204)",229,219,204
533,Warm Gray,#ddd1c1,"(221, 209, 193)",221,209,193
534,Warm Gray,#ccc1b2,"(204, 193, 178)",204,193,178
535,Warm Gray,#c1b5a5,"(193, 181, 165)",193,181,165
536,Warm Gray,#b5a899,"(181, 168, 153)",181,168,153
537,Warm Gray,#afa393,"(175, 163, 147)",175,163,147
538,Warm Gray,#a39687,"(163, 150, 135)",163,150,135
539,Warm Gray,#96897a,"(150, 137, 122)",150,137,122
540,Warm Gray,#8c7f70,"(140, 127, 112)",140,127,112
541,Warm Gray,#827263,"(130, 114, 99)",130,114,99
542,Warm Gray,#6d5e51,"(109, 94, 81)",109,94,81
543,Cool Gray,#e8e2d6,"(232, 226, 214)",232,226,214
544,Cool Gray,#ddd8ce,"(221, 216, 206)",221,216,206
545,Cool Gray,#d3cec4,"(211, 206, 196)",211,206,196
546,Cool Gray,#c4c1ba,"(196, 193, 186)",196,193,186
547,Cool Gray,#bab7af,"(186, 183, 175)",186,183,175
548,Cool Gray,#b5b2aa,"(181, 178, 170)",181,178,170
549,Cool Gray,#a5a39e,"(165, 163, 158)",165,163,158
550,Cool Gray,#9b9993,"(155, 153, 147)",155,153,147
551,Cool Gray,#8c8984,"(140, 137, 132)",140,137,132
552,Cool Gray,#777772,"(119, 119, 114)",119,119,114
553,Cool Gray,#686663,"(104, 102, 99)",104,102,99
554,PMS 448,#54472d,"(84, 71, 45)",84,71,45
555,PMS 449,#544726,"(84, 71, 38)",84,71,38
556,PMS 450,#60542b,"(96, 84, 43)",96,84,43
557,PMS 451,#ada07a,"(173, 160, 122)",173,160,122
558,PMS 452,#c4b796,"(196, 183, 150)",196,183,150
559,PMS 453,#d6ccaf,"(214, 204, 175)",214,204,175
560,PMS 454,#e2d8bf,"(226, 216, 191)",226,216,191
561,PMS 4485,#604c11,"(96, 76, 17)",96,76,17
562,PMS 4495,#877530,"(135, 117, 48)",135,117,48
563,PMS 4505,#a09151,"(160, 145, 81)",160,145,81
564,PMS 4515,#bcad75,"(188, 173, 117)",188,173,117
565,PMS 4525,#ccbf8e,"(204, 191, 142)",204,191,142
566,PMS 4535,#dbcea5,"(219, 206, 165)",219,206,165
567,PMS 4545,#e5dbba,"(229, 219, 186)",229,219,186
568,PMS 455,#665614,"(102, 86, 20)",102,86,20
569,PMS 456,#998714,"(153, 135, 20)",153,135,20
570,PMS 457,#b59b0c,"(181, 155, 12)",181,155,12
571,PMS 458,#ddcc6b,"(221, 204, 107)",221,204,107
572,PMS 459,#e2d67c,"(226, 214, 124)",226,214,124
573,PMS 460,#eadd96,"(234, 221, 150)",234,221,150
574,PMS 461,#ede5ad,"(237, 229, 173)",237,229,173
575,PMS 462,#5b4723,"(91, 71, 35)",91,71,35
576,PMS 463,#755426,"(117, 84, 38)",117,84,38
577,PMS 464,#876028,"(135, 96, 40)",135,96,40
578,PMS 465,#c1a875,"(193, 168, 117)",193,168,117
579,PMS 466,#d1bf91,"(209, 191, 145)",209,191,145
580,PMS 467,#ddcca5,"(221, 204, 165)",221,204,165
581,PMS 468,#e2d6b5,"(226, 214, 181)",226,214,181
582,PMS 4625,#472311,"(71, 35, 17)",71,35,17
583,PMS 4635,#8c5933,"(140, 89, 51)",140,89,51
584,PMS 4645,#b28260,"(178, 130, 96)",178,130,96
585,PMS 4655,#c49977,"(196, 153, 119)",196,153,119
586,PMS 4665,#d8b596,"(216, 181, 150)",216,181,150
587,PMS 4675,#e5c6aa,"(229, 198, 170)",229,198,170
588,PMS 4685,#edd3bc,"(237, 211, 188)",237,211,188
589,PMS 469,#603311,"(96, 51, 17)",96,51,17
590,PMS 4695,#51261c,"(81, 38, 28)",81,38,28
591,PMS 4705,#7c513d,"(124, 81, 61)",124,81,61
592,PMS 4715,#99705b,"(153, 112, 91)",153,112,91
593,PMS 4725,#b5917c,"(181, 145, 124)",181,145,124
594,PMS 4735,#ccaf9b,"(204, 175, 155)",204,175,155
595,PMS 4745,#d8bfaa,"(216, 191, 170)",216,191,170
596,PMS 4755,#e2ccba,"(226, 204, 186)",226,204,186
597,PMS 476,#593d2b,"(89, 61, 43)",89,61,43
598,PMS 477,#633826,"(99, 56, 38)",99,56,38
599,PMS 478,#7a3f28,"(122, 63, 40)",122,63,40
600,PMS 479,#af8970,"(175, 137, 112)",175,137,112
601,PMS 480,#d3b7a3,"(211, 183, 163)",211,183,163
602,PMS 481,#e0ccba,"(224, 204, 186)",224,204,186
603,PMS 482,#e5d3c1,"(229, 211, 193)",229,211,193
604,PMS 483,#6b3021,"(107, 48, 33)",107,48,33
605,PMS 484,#9b301c,"(155, 48, 28)",155,48,28
606,PMS 485,#d81e05,"(216, 30, 5)",216,30,5
607,PMS 486,#ed9e84,"(237, 158, 132)",237,158,132
608,PMS 487,#efb5a0,"(239, 181, 160)",239,181,160
609,PMS 488,#f2c4af,"(242, 196, 175)",242,196,175
610,PMS 489,#f2d1bf,"(242, 209, 191)",242,209,191
611,PMS 490,#5b2626,"(91, 38, 38)",91,38,38
612,PMS 491,#752828,"(117, 40, 40)",117,40,40
613,PMS 492,#913338,"(145, 51, 56)",145,51,56
614,PMS 493,#db828c,"(219, 130, 140)",219,130,140
615,PMS 494,#f2adb2,"(242, 173, 178)",242,173,178
616,PMS 495,#f4bcbf,"(244, 188, 191)",244,188,191
617,PMS 496,#f7c9c6,"(247, 201, 198)",247,201,198
618,PMS 497,#512826,"(81, 40, 38)",81,40,38
619,PMS 498,#6d332b,"(109, 51, 43)",109,51,43
620,PMS 499,#7a382d,"(122, 56, 45)",122,56,45
621,PMS 500,#ce898c,"(206, 137, 140)",206,137,140
622,PMS 501,#eab2b2,"(234, 178, 178)",234,178,178
623,PMS 502,#f2c6c4,"(242, 198, 196)",242,198,196
624,PMS 503,#f4d1cc,"(244, 209, 204)",244,209,204
625,PMS 4975,#441e1c,"(68, 30, 28)",68,30,28
626,PMS 4985,#844949,"(132, 73, 73)",132,73,73
627,PMS 4995,#a56b6d,"(165, 107, 109)",165,107,109
628,PMS 5005,#bc8787,"(188, 135, 135)",188,135,135
629,PMS 5015,#d8ada8,"(216, 173, 168)",216,173,168
630,PMS 5025,#e2bcb7,"(226, 188, 183)",226,188,183
631,PMS 5035,#edcec6,"(237, 206, 198)",237,206,198
632,PMS 504,#511e26,"(81, 30, 38)",81,30,38
633,PMS 505,#661e2b,"(102, 30, 43)",102,30,43
634,PMS 506,#7a2638,"(122, 38, 56)",122,38,56
635,PMS 507,#d8899b,"(216, 137, 155)",216,137,155
636,PMS 508,#e8a5af,"(232, 165, 175)",232,165,175
637,PMS 509,#f2babf,"(242, 186, 191)",242,186,191
638,PMS 510,#f4c6c9,"(244, 198, 201)",244,198,201
639,PMS 511,#602144,"(96, 33, 68)",96,33,68
640,PMS 512,#84216b,"(132, 33, 107)",132,33,107
641,PMS 513,#9e2387,"(158, 35, 135)",158,35,135
642,PMS 514,#d884bc,"(216, 132, 188)",216,132,188
643,PMS 515,#e8a3c9,"(232, 163, 201)",232,163,201
644,PMS 516,#f2bad3,"(242, 186, 211)",242,186,211
645,PMS 517,#f4ccd8,"(244, 204, 216)",244,204,216
646,PMS 5115,#4f213a,"(79, 33, 58)",79,33,58
647,PMS 5125,#754760,"(117, 71, 96)",117,71,96
648,PMS 5135,#936b7f,"(147, 107, 127)",147,107,127
649,PMS 5145,#ad8799,"(173, 135, 153)",173,135,153
650,PMS 5155,#ccafb7,"(204, 175, 183)",204,175,183
651,PMS 5165,#e0c9cc,"(224, 201, 204)",224,201,204
652,PMS 5175,#e8d6d1,"(232, 214, 209)",232,214,209
653,PMS 518,#512d44,"(81, 45, 68)",81,45,68
654,PMS 519,#63305e,"(99, 48, 94)",99,48,94
655,PMS 520,#703572,"(112, 53, 114)",112,53,114
656,PMS 521,#b58cb2,"(181, 140, 178)",181,140,178
657,PMS 522,#c6a3c1,"(198, 163, 193)",198,163,193
658,PMS 523,#d3b7cc,"(211, 183, 204)",211,183,204
659,PMS 524,#e2ccd3,"(226, 204, 211)",226,204,211
660,PMS 5185,#472835,"(71, 40, 53)",71,40,53
661,PMS 5195,#593344,"(89, 51, 68)",89,51,68
662,PMS 5205,#8e6877,"(142, 104, 119)",142,104,119
663,PMS 5215,#b5939b,"(181, 147, 155)",181,147,155
664,PMS 5225,#ccadaf,"(204, 173, 175)",204,173,175
665,PMS 5235,#ddc6c4,"(221, 198, 196)",221,198,196
666,PMS 5245,#e5d3cc,"(229, 211, 204)",229,211,204
667,PMS 525,#512654,"(81, 38, 84)",81,38,84
668,PMS 526,#68217a,"(104, 33, 122)",104,33,122
669,PMS 527,#7a1e99,"(122, 30, 153)",122,30,153
670,PMS 528,#af72c1,"(175, 114, 193)",175,114,193
671,PMS 529,#cea3d3,"(206, 163, 211)",206,163,211
672,PMS 530,#d6afd6,"(214, 175, 214)",214,175,214
673,PMS 531,#e5c6db,"(229, 198, 219)",229,198,219
674,PMS 5255,#35264f,"(53, 38, 79)",53,38,79
675,PMS 5265,#493d63,"(73, 61, 99)",73,61,99
676,PMS 5275,#605677,"(96, 86, 119)",96,86,119
677,PMS 5285,#8c8299,"(140, 130, 153)",140,130,153
678,PMS 5295,#b2a8b5,"(178, 168, 181)",178,168,181
679,PMS 5305,#ccc1c6,"(204, 193, 198)",204,193,198
680,PMS 5315,#dbd3d3,"(219, 211, 211)",219,211,211
681,PMS 532,#353842,"(53, 56, 66)",53,56,66
682,PMS 533,#353f5b,"(53, 63, 91)",53,63,91
683,PMS 534,#3a4972,"(58, 73, 114)",58,73,114
684,PMS 535,#9ba3b7,"(155, 163, 183)",155,163,183
685,PMS 536,#adb2c1,"(173, 178, 193)",173,178,193
686,PMS 537,#c4c6ce,"(196, 198, 206)",196,198,206
687,PMS 538,#d6d3d6,"(214, 211, 214)",214,211,214
688,PMS 539,#003049,"(0, 48, 73)",0,48,73
689,PMS 540,#00335b,"(0, 51, 91)",0,51,91
690,PMS 541,#003f77,"(0, 63, 119)",0,63,119
691,PMS 542,#6693bc,"(102, 147, 188)",102,147,188
692,PMS 543,#93b7d1,"(147, 183, 209)",147,183,209
693,PMS 544,#b7ccdb,"(183, 204, 219)",183,204,219
694,PMS 545,#c4d3dd,"(196, 211, 221)",196,211,221
695,PMS 5395,#02283a,"(2, 40, 58)",2,40,58
696,PMS 5405,#3f6075,"(63, 96, 117)",63,96,117
697,PMS 5415,#607c8c,"(96, 124, 140)",96,124,140
698,PMS 5425,#8499a5,"(132, 153, 165)",132,153,165
699,PMS 5435,#afbcbf,"(175, 188, 191)",175,188,191
700,PMS 5445,#c4cccc,"(196, 204, 204)",196,204,204
701,PMS 5455,#d6d8d3,"(214, 216, 211)",214,216,211
702,PMS 546,#0c3844,"(12, 56, 68)",12,56,68
703,PMS 547,#003f54,"(0, 63, 84)",0,63,84
704,PMS 548,#004459,"(0, 68, 89)",0,68,89
705,PMS 549,#5e99aa,"(94, 153, 170)",94,153,170
706,PMS 550,#87afbf,"(135, 175, 191)",135,175,191
707,PMS 551,#a3c1c9,"(163, 193, 201)",163,193,201
708,PMS 552,#c4d6d6,"(196, 214, 214)",196,214,214
709,PMS 5463,#00353a,"(0, 53, 58)",0,53,58
710,PMS 5473,#26686d,"(38, 104, 109)",38,104,109
711,PMS 5483,#609191,"(96, 145, 145)",96,145,145
712,PMS 5493,#8cafad,"(140, 175, 173)",140,175,173
713,PMS 5503,#aac4bf,"(170, 196, 191)",170,196,191
714,PMS 5513,#ced8d1,"(206, 216, 209)",206,216,209
715,PMS 5523,#d6ddd6,"(214, 221, 214)",214,221,214
716,PMS 5467,#193833,"(25, 56, 51)",25,56,51
717,PMS 5477,#3a564f,"(58, 86, 79)",58,86,79
718,PMS 5487,#667c72,"(102, 124, 114)",102,124,114
719,PMS 5497,#91a399,"(145, 163, 153)",145,163,153
720,PMS 5507,#afbab2,"(175, 186, 178)",175,186,178
721,PMS 5517,#c9cec4,"(201, 206, 196)",201,206,196
722,PMS 5527,#ced1c6,"(206, 209, 198)",206,209,198
723,PMS 553,#234435,"(35, 68, 53)",35,68,53
724,PMS 554,#195e47,"(25, 94, 71)",25,94,71
725,PMS 555,#076d54,"(7, 109, 84)",7,109,84
726,PMS 556,#7aa891,"(122, 168, 145)",122,168,145
727,PMS 557,#a3c1ad,"(163, 193, 173)",163,193,173
728,PMS 558,#b7cebc,"(183, 206, 188)",183,206,188
729,PMS 559,#c6d6c4,"(198, 214, 196)",198,214,196
730,PMS 5535,#213d30,"(33, 61, 48)",33,61,48
731,PMS 5545,#4f6d5e,"(79, 109, 94)",79,109,94
732,PMS 5555,#779182,"(119, 145, 130)",119,145,130
733,PMS 5565,#96aa99,"(150, 170, 153)",150,170,153
734,PMS 5575,#afbfad,"(175, 191, 173)",175,191,173
735,PMS 5585,#c4cebf,"(196, 206, 191)",196,206,191
736,PMS 5595,#d8dbcc,"(216, 219, 204)",216,219,204
737,PMS 560,#2b4c3f,"(43, 76, 63)",43,76,63
738,PMS 561,#266659,"(38, 102, 89)",38,102,89
739,PMS 562,#1e7a6d,"(30, 122, 109)",30,122,109
740,PMS 563,#7fbcaa,"(127, 188, 170)",127,188,170
741,PMS 564,#a0cebc,"(160, 206, 188)",160,206,188
742,PMS 565,#bcdbcc,"(188, 219, 204)",188,219,204
743,PMS 566,#d1e2d3,"(209, 226, 211)",209,226,211
744,PMS 5605,#233a2d,"(35, 58, 45)",35,58,45
745,PMS 5615,#546856,"(84, 104, 86)",84,104,86
746,PMS 5625,#728470,"(114, 132, 112)",114,132,112
747,PMS 5635,#9eaa99,"(158, 170, 153)",158,170,153
748,PMS 5645,#bcc1b2,"(188, 193, 178)",188,193,178
749,PMS 5655,#c6ccba,"(198, 204, 186)",198,204,186
750,PMS 568,#d6d6c6,"(214, 214, 198)",214,214,198
751,PMS 569,#05705e,"(5, 112, 94)",5,112,94
752,PMS 570,#008772,"(0, 135, 114)",0,135,114
753,PMS 571,#7fc6b2,"(127, 198, 178)",127,198,178
754,PMS 572,#aadbc6,"(170, 219, 198)",170,219,198
755,PMS 573,#bce2ce,"(188, 226, 206)",188,226,206
756,PMS 574,#cce5d6,"(204, 229, 214)",204,229,214
757,PMS 575,#495928,"(73, 89, 40)",73,89,40
758,PMS 576,#547730,"(84, 119, 48)",84,119,48
759,PMS 577,#608e3a,"(96, 142, 58)",96,142,58
760,PMS 578,#b5cc8e,"(181, 204, 142)",181,204,142
761,PMS 579,#c6d6a0,"(198, 214, 160)",198,214,160
762,PMS 580,#c9d6a3,"(201, 214, 163)",201,214,163
763,PMS 5743,#d8ddb5,"(216, 221, 181)",216,221,181
764,PMS 5753,#3f4926,"(63, 73, 38)",63,73,38
765,PMS 5763,#5e663a,"(94, 102, 58)",94,102,58
766,PMS 5773,#777c4f,"(119, 124, 79)",119,124,79
767,PMS 5783,#9b9e72,"(155, 158, 114)",155,158,114
768,PMS 5793,#b5b58e,"(181, 181, 142)",181,181,142
769,PMS 803,#c6c6a5,"(198, 198, 165)",198,198,165
770,PMS 5747,#d8d6b7,"(216, 214, 183)",216,214,183
771,PMS 5757,#424716,"(66, 71, 22)",66,71,22
772,PMS 5767,#6b702b,"(107, 112, 43)",107,112,43
773,PMS 5777,#8c914f,"(140, 145, 79)",140,145,79
774,PMS 5787,#aaad75,"(170, 173, 117)",170,173,117
775,PMS 5797,#c6c699,"(198, 198, 153)",198,198,153
776,PMS 5807,#d3d1aa,"(211, 209, 170)",211,209,170
777,PMS 581,#e0ddbc,"(224, 221, 188)",224,221,188
778,PMS 582,#605e11,"(96, 94, 17)",96,94,17
779,PMS 583,#878905,"(135, 137, 5)",135,137,5
780,PMS 584,#aaba0a,"(170, 186, 10)",170,186,10
781,PMS 585,#dbe06b,"(219, 224, 107)",219,224,107
782,PMS 586,#e2e584,"(226, 229, 132)",226,229,132
783,PMS 587,#e8e89b,"(232, 232, 155)",232,232,155
784,PMS 5815,#494411,"(73, 68, 17)",73,68,17
785,PMS 5825,#75702b,"(117, 112, 43)",117,112,43
786,PMS 5835,#9e9959,"(158, 153, 89)",158,153,89
787,PMS 5845,#b2aa70,"(178, 170, 112)",178,170,112
788,PMS 5855,#ccc693,"(204, 198, 147)",204,198,147
789,PMS 5865,#d6cea3,"(214, 206, 163)",214,206,163
790,PMS 5875,#e0dbb5,"(224, 219, 181)",224,219,181
791,PMS 600,#f4edaf,"(244, 237, 175)",244,237,175
792,PMS 601,#f2ed9e,"(242, 237, 158)",242,237,158
793,PMS 602,#f2ea87,"(242, 234, 135)",242,234,135
794,PMS 603,#ede85b,"(237, 232, 91)",237,232,91
795,PMS 604,#e8dd21,"(232, 221, 33)",232,221,33
796,PMS 605,#ddce11,"(221, 206, 17)",221,206,17
797,PMS 606,#d3bf11,"(211, 191, 17)",211,191,17
798,PMS 607,#f2eabc,"(242, 234, 188)",242,234,188
799,PMS 608,#efe8ad,"(239, 232, 173)",239,232,173
800,PMS 609,#eae596,"(234, 229, 150)",234,229,150
801,PMS 610,#e2db72,"(226, 219, 114)",226,219,114
802,PMS 611,#d6ce49,"(214, 206, 73)",214,206,73
803,PMS 612,#c4ba00,"(196, 186, 0)",196,186,0
804,PMS 613,#afa00c,"(175, 160, 12)",175,160,12
805,PMS 614,#eae2b7,"(234, 226, 183)",234,226,183
806,PMS 615,#e2dbaa,"(226, 219, 170)",226,219,170
807,PMS 616,#ddd69b,"(221, 214, 155)",221,214,155
808,PMS 617,#ccc47c,"(204, 196, 124)",204,196,124
809,PMS 618,#b5aa59,"(181, 170, 89)",181,170,89
810,PMS 619,#968c28,"(150, 140, 40)",150,140,40
811,PMS 620,#847711,"(132, 119, 17)",132,119,17
812,PMS 621,#d8ddce,"(216, 221, 206)",216,221,206
813,PMS 622,#c1d1bf,"(193, 209, 191)",193,209,191
814,PMS 623,#a5bfaa,"(165, 191, 170)",165,191,170
815,PMS 624,#7fa08c,"(127, 160, 140)",127,160,140
816,PMS 625,#5b8772,"(91, 135, 114)",91,135,114
817,PMS 626,#21543f,"(33, 84, 63)",33,84,63
818,PMS 627,#0c3026,"(12, 48, 38)",12,48,38
819,PMS 628,#cce2dd,"(204, 226, 221)",204,226,221
820,PMS 629,#b2d8d8,"(178, 216, 216)",178,216,216
821,PMS 630,#8cccd3,"(140, 204, 211)",140,204,211
822,PMS 631,#54b7c6,"(84, 183, 198)",84,183,198
823,PMS 632,#00a0ba,"(0, 160, 186)",0,160,186
824,PMS 633,#007f99,"(0, 127, 153)",0,127,153
825,PMS 634,#00667f,"(0, 102, 127)",0,102,127
826,PMS 635,#bae0e0,"(186, 224, 224)",186,224,224
827,PMS 636,#99d6dd,"(153, 214, 221)",153,214,221
828,PMS 637,#6bc9db,"(107, 201, 219)",107,201,219
829,PMS 638,#00b5d6,"(0, 181, 214)",0,181,214
830,PMS 639,#00a0c4,"(0, 160, 196)",0,160,196
831,PMS 640,#008cb2,"(0, 140, 178)",0,140,178
832,PMS 641,#007aa5,"(0, 122, 165)",0,122,165
833,PMS 642,#d1d8d8,"(209, 216, 216)",209,216,216
834,PMS 643,#c6d1d6,"(198, 209, 214)",198,209,214
835,PMS 644,#9bafc4,"(155, 175, 196)",155,175,196
836,PMS 645,#7796b2,"(119, 150, 178)",119,150,178
837,PMS 646,#5e82a3,"(94, 130, 163)",94,130,163
838,PMS 647,#26547c,"(38, 84, 124)",38,84,124
839,PMS 648,#00305e,"(0, 48, 94)",0,48,94
840,PMS 649,#d6d6d8,"(214, 214, 216)",214,214,216
841,PMS 650,#bfc6d1,"(191, 198, 209)",191,198,209
842,PMS 651,#9baabf,"(155, 170, 191)",155,170,191
843,PMS 652,#6d87a8,"(109, 135, 168)",109,135,168
844,PMS 653,#335687,"(51, 86, 135)",51,86,135
845,PMS 654,#0f2b5b,"(15, 43, 91)",15,43,91
846,PMS 655,#0c1c47,"(12, 28, 71)",12,28,71
847,PMS 656,#d6dbe0,"(214, 219, 224)",214,219,224
848,PMS 657,#c1c9dd,"(193, 201, 221)",193,201,221
849,PMS 658,#a5afd6,"(165, 175, 214)",165,175,214
850,PMS 659,#7f8cbf,"(127, 140, 191)",127,140,191
851,PMS 660,#5960a8,"(89, 96, 168)",89,96,168
852,PMS 661,#2d338e,"(45, 51, 142)",45,51,142
853,PMS 662,#0c1975,"(12, 25, 117)",12,25,117
854,PMS 663,#e2d3d6,"(226, 211, 214)",226,211,214
855,PMS 664,#d8ccd1,"(216, 204, 209)",216,204,209
856,PMS 665,#c6b5c4,"(198, 181, 196)",198,181,196
857,PMS 666,#a893ad,"(168, 147, 173)",168,147,173
858,PMS 667,#7f6689,"(127, 102, 137)",127,102,137
859,PMS 668,#664975,"(102, 73, 117)",102,73,117
860,PMS 669,#472b59,"(71, 43, 89)",71,43,89
861,PMS 670,#f2d6d8,"(242, 214, 216)",242,214,216
862,PMS 671,#efc6d3,"(239, 198, 211)",239,198,211
863,PMS 672,#eaaac4,"(234, 170, 196)",234,170,196
864,PMS 673,#e08cb2,"(224, 140, 178)",224,140,178
865,PMS 674,#d36b9e,"(211, 107, 158)",211,107,158
866,PMS 675,#bc3877,"(188, 56, 119)",188,56,119
867,PMS 676,#a00054,"(160, 0, 84)",160,0,84
868,PMS 677,#edd6d6,"(237, 214, 214)",237,214,214
869,PMS 678,#eaccce,"(234, 204, 206)",234,204,206
870,PMS 679,#e5bfc6,"(229, 191, 198)",229,191,198
871,PMS 680,#d39eaf,"(211, 158, 175)",211,158,175
872,PMS 681,#b7728e,"(183, 114, 142)",183,114,142
873,PMS 682,#a05175,"(160, 81, 117)",160,81,117
874,PMS 683,#7f284f,"(127, 40, 79)",127,40,79
875,PMS 684,#efccce,"(239, 204, 206)",239,204,206
876,PMS 685,#eabfc4,"(234, 191, 196)",234,191,196
877,PMS 686,#e0aaba,"(224, 170, 186)",224,170,186
878,PMS 687,#c9899e,"(201, 137, 158)",201,137,158
879,PMS 688,#b26684,"(178, 102, 132)",178,102,132
880,PMS 689,#934266,"(147, 66, 102)",147,66,102
881,PMS 690,#702342,"(112, 35, 66)",112,35,66
882,PMS 691,#efd1c9,"(239, 209, 201)",239,209,201
883,PMS 692,#e8bfba,"(232, 191, 186)",232,191,186
884,PMS 693,#dba8a5,"(219, 168, 165)",219,168,165
885,PMS 694,#c98c8c,"(201, 140, 140)",201,140,140
886,PMS 695,#b26b70,"(178, 107, 112)",178,107,112
887,PMS 696,#8e4749,"(142, 71, 73)",142,71,73
888,PMS 697,#7f383a,"(127, 56, 58)",127,56,58
889,PMS 698,#f7d1cc,"(247, 209, 204)",247,209,204
890,PMS 699,#f7bfbf,"(247, 191, 191)",247,191,191
891,PMS 700,#f2a5aa,"(242, 165, 170)",242,165,170
892,PMS 701,#e8878e,"(232, 135, 142)",232,135,142
893,PMS 702,#d6606d,"(214, 96, 109)",214,96,109
894,PMS 703,#b73844,"(183, 56, 68)",183,56,68
895,PMS 704,#9e2828,"(158, 40, 40)",158,40,40
896,PMS 705,#f9ddd6,"(249, 221, 214)",249,221,214
897,PMS 706,#fcc9c6,"(252, 201, 198)",252,201,198
898,PMS 707,#fcadaf,"(252, 173, 175)",252,173,175
899,PMS 708,#f98e99,"(249, 142, 153)",249,142,153
900,PMS 709,#f26877,"(242, 104, 119)",242,104,119
901,PMS 710,#e04251,"(224, 66, 81)",224,66,81
902,PMS 711,#d12d33,"(209, 45, 51)",209,45,51
903,PMS 712,#ffd3aa,"(255, 211, 170)",255,211,170
904,PMS 713,#f9c9a3,"(249, 201, 163)",249,201,163
905,PMS 714,#f9ba82,"(249, 186, 130)",249,186,130
906,PMS 715,#fc9e49,"(252, 158, 73)",252,158,73
907,PMS 716,#f28411,"(242, 132, 17)",242,132,17
908,PMS 717,#d36d00,"(211, 109, 0)",211,109,0
909,PMS 718,#bf5b00,"(191, 91, 0)",191,91,0
910,PMS 719,#f4d1af,"(244, 209, 175)",244,209,175
911,PMS 720,#efc49e,"(239, 196, 158)",239,196,158
912,PMS 721,#e8b282,"(232, 178, 130)",232,178,130
913,PMS 722,#d18e54,"(209, 142, 84)",209,142,84
914,PMS 723,#ba7530,"(186, 117, 48)",186,117,48
915,PMS 724,#8e4905,"(142, 73, 5)",142,73,5
916,PMS 725,#753802,"(117, 56, 2)",117,56,2
917,PMS 726,#edd3b5,"(237, 211, 181)",237,211,181
918,PMS 727,#e2bf9b,"(226, 191, 155)",226,191,155
919,PMS 728,#d3a87c,"(211, 168, 124)",211,168,124
920,PMS 729,#c18e60,"(193, 142, 96)",193,142,96
921,PMS 730,#aa753f,"(170, 117, 63)",170,117,63
922,PMS 731,#723f0a,"(114, 63, 10)",114,63,10
923,PMS 732,#60330a,"(96, 51, 10)",96,51,10
924,Yellow 2X,#fce216,"(252, 226, 22)",252,226,22
925,PMS 116,#f7b50c,"(247, 181, 12)",247,181,12
926,PMS 130,#e29100,"(226, 145, 0)",226,145,0
927,PMS 165,#ea4f00,"(234, 79, 0)",234,79,0
928,Warm Red,#e03a00,"(224, 58, 0)",224,58,0
929,PMS 1788,#d62100,"(214, 33, 0)",214,33,0
930,PMS 1852,#d11600,"(209, 22, 0)",209,22,0
931,PMS 485,#cc0c00,"(204, 12, 0)",204,12,0
932,Rubine Red,#c6003d,"(198, 0, 61)",198,0,61
933,Rhodamin Red,#d10572,"(209, 5, 114)",209,5,114
934,PMS 239,#c4057c,"(196, 5, 124)",196,5,124
935,Purple 2X,#aa0096,"(170, 0, 150)",170,0,150
936,PMS 2592,#720082,"(114, 0, 130)",114,0,130
937,Violet 2X,#59008e,"(89, 0, 142)",89,0,142
938,Reflex Blue,#1c007a,"(28, 0, 122)",28,0,122
939,Process Blue,#0077bf,"(0, 119, 191)",0,119,191
940,PMS 299,#007fcc,"(0, 127, 204)",0,127,204
941,PMS 306,#00a3d1,"(0, 163, 209)",0,163,209
942,PMS 320,#007f82,"(0, 127, 130)",0,127,130
943,PMS 327,#008977,"(0, 137, 119)",0,137,119
944,Green 2X,#009677,"(0, 150, 119)",0,150,119
945,PMS 354,#009944,"(0, 153, 68)",0,153,68
946,PMS 368,#009e0f,"(0, 158, 15)",0,158,15
947,PMS 375,#54bc00,"(84, 188, 0)",84,188,0
948,PMS 382,#9ec400,"(158, 196, 0)",158,196,0
949,PMS 471,#a34402,"(163, 68, 2)",163,68,2
950,PMS 464,#704214,"(112, 66, 20)",112,66,20
951,PMS 433,#0a0c11,"(10, 12, 17)",10,12,17
952,Black 2,#3a3321,"(58, 51, 33)",58,51,33
953,Black 3,#282d26,"(40, 45, 38)",40,45,38
954,Black 4,#3d3023,"(61, 48, 35)",61,48,35
955,Black 5,#422d2d,"(66, 45, 45)",66,45,45
956,Black 6,#1c2630,"(28, 38, 48)",28,38,48
957,Black 7,#443d38,"(68, 61, 56)",68,61,56
958,Black 2,#111111,"(17, 17, 17)",17,17,17
959,Black 3,#111114,"(17, 17, 20)",17,17,20
960,Black 4,#0f0f0f,"(15, 15, 15)",15,15,15
961,Black 5,#110c0f,"(17, 12, 15)",17,12,15
962,Black 6,#070c0f,"(7, 12, 15)",7,12,15
963,Black 7,#33302b,"(51, 48, 43)",51,48,43
964,PMS 801,#00aacc,"(0, 170, 204)",0,170,204
965,PMS 802,#60dd49,"(96, 221, 73)",96,221,73
966,PMS 803,#ffed38,"(255, 237, 56)",255,237,56
967,PMS 804,#ff9338,"(255, 147, 56)",255,147,56
968,PMS 805,#f95951,"(249, 89, 81)",249,89,81
969,PMS 806,#ff0093,"(255, 0, 147)",255,0,147
970,PMS 807,#d6009e,"(214, 0, 158)",214,0,158
971,PMS 801,#0089af,"(0, 137, 175)",0,137,175
972,PMS 802,#1cce28,"(28, 206, 40)",28,206,40
973,PMS 803,#ffd816,"(255, 216, 22)",255,216,22
974,PMS 804,#ff7f1e,"(255, 127, 30)",255,127,30
975,PMS 805,#f93a2b,"(249, 58, 43)",249,58,43
976,PMS 806,#f7027c,"(247, 2, 124)",247,2,124
977,PMS 807,#bf008c,"(191, 0, 140)",191,0,140
978,PMS 808,#00b59b,"(0, 181, 155)",0,181,155
979,PMS 809,#dde00f,"(221, 224, 15)",221,224,15
980,PMS 810,#ffcc1e,"(255, 204, 30)",255,204,30
981,PMS 811,#ff7247,"(255, 114, 71)",255,114,71
982,PMS 812,#fc2366,"(252, 35, 102)",252,35,102
983,PMS 813,#e50099,"(229, 0, 153)",229,0,153
984,PMS 814,#8c60c1,"(140, 96, 193)",140,96,193
985,PMS 808,#00a087,"(0, 160, 135)",0,160,135
986,PMS 809,#d6d60c,"(214, 214, 12)",214,214,12
987,PMS 810,#ffbc21,"(255, 188, 33)",255,188,33
988,PMS 811,#ff5416,"(255, 84, 22)",255,84,22
989,PMS 812,#fc074f,"(252, 7, 79)",252,7,79
990,PMS 813,#d10084,"(209, 0, 132)",209,0,132
991,PMS 814,#703faf,"(112, 63, 175)",112,63,175
